Title,Category,Description
Accessibility,Accessibility,"Accessibility in Froala Editor ensures that all users, including those with disabilities, can effectively interact with the editor, promoting inclusivity in content creation."
API,Architecture,"The API provides a set of methods and endpoints for developers to interact programmatically with the Froala Editor, enabling customization and integration."
ARIA,Accessibility,"ARIA (Accessible Rich Internet Applications) is a set of attributes that enhance the accessibility of web applications, ensuring that users with disabilities can interact with the Froala Editor effectively."
Buttons,Core Concept,Buttons in the Froala WYSIWYG Editor are customizable elements that enhance user interaction by providing quick access to various editing functions. They streamline the editing process and improve productivity by allowing users to perform actions with a single click.
Character Counter,Feature,"The character counter feature tracks the number of characters typed in the editor, helping users manage content length and comply with limits."
charCounterMax,Core Concept,"charCounterMax is a feature in the Froala WYSIWYG HTML editor that limits the number of characters a user can input. It enhances user experience by providing real-time character counting and prevents exceeding the defined limit, ensuring content remains concise and manageable."
Code View,Key Editing Concept,"Code View is a mode in the Froala Editor that allows users to directly edit the HTML source code of their content, providing full control over the markup."
Codox,Core Concept,Codox is a powerful WYSIWYG HTML editor designed for ease of use and integration into various applications. It enhances productivity by allowing real-time collaboration and offers extensive features for formatting and content management.
Content Formats,Content Format,"Content formats refer to the various types of data that can be created and manipulated within the Froala Editor, including HTML, Markdown, and plain text."
Content Management System (CMS),Integration,"A CMS is a software application that enables users to create, manage, and modify content on a website without needing specialized technical knowledge."
Content Manipulation,Content Operations,"Content manipulation refers to the various operations that can be performed on the editor's content, such as inserting, deleting, or modifying elements."
Content Methods,Method Category,Content Methods are a set of API functions provided by the Froala Editor that allow developers to manipulate and retrieve content within the editor programmatically.
Content Sanitization,Security,"Content sanitization in Froala Editor ensures that user-generated content is cleaned and safe from malicious code, protecting applications from security vulnerabilities."
Copy/Paste,Content Operations,"The copy/paste feature allows users to easily duplicate and transfer content within the Froala Editor, enhancing productivity and content management."
Cross-Browser Compatibility,Architecture,"Cross-browser compatibility ensures that the Froala Editor functions consistently across different web browsers, providing a uniform user experience."
CSS,Core Concept,"CSS (Cascading Style Sheets) is a stylesheet language used to describe the presentation of a document written in HTML or XML. It enhances the visual appearance of web pages, allowing for layout, colors, fonts, and overall design, making it essential for web development."
Custom Button,Core Concept,"A Custom Button in the Froala WYSIWYG HTML editor allows users to create personalized buttons for specific commands, enhancing the editor's functionality and user experience by enabling tailored interactions."
Design Blocks,Core Concept,Design Blocks are modular components within the Froala WYSIWYG Editor that allow users to create and customize content layouts easily. They enhance productivity by providing pre-defined structures that can be quickly inserted and modified.
Design Builder,Core Concept,"Design Builder is a powerful tool that enables users to create and customize web pages visually without needing extensive coding knowledge. It streamlines the design process, making it accessible to both developers and non-developers."
Document Mode,Core Concept,Document Mode in Froala WYSIWYG Editor allows users to create and manage online documents efficiently. It simplifies document creation and enhances user productivity by providing a rich text editing experience tailored for document management systems.
DOM,Core Concept,"The Document Object Model (DOM) is a programming interface for web documents that represents the structure of a document as a tree of objects. It allows developers to manipulate the content, structure, and style of web pages dynamically, making it essential for interactive web applications."
Dropdowns,Core Concept,"Dropdowns are UI elements that allow users to select an option from a list. They enhance user experience by saving space and providing a cleaner interface, making it easier to navigate through options."
Edit-in-Popup,Core Concept,"Edit-in-Popup is a mode in the Froala WYSIWYG HTML editor that allows users to edit content in a popup window, enhancing the editing experience by providing a focused interface. This feature is essential for maintaining a clean workspace while editing."
Editor Instance,Core Concept,"An editor instance refers to a specific instance of the Froala Editor that is initialized on a DOM element, allowing for unique configurations and content management."
Emoticons,Plugin Category,"The emoticons plugin allows users to insert emoticons into their content, enhancing expression and engagement in text-based communication."
Event Methods,Method Category,"Event methods are a collection of API functions that allow developers to manage and respond to events occurring within the Froala Editor, enabling dynamic user interactions."
Events System,Architecture,"The Events System in Froala Editor allows developers to listen for and respond to various actions and changes within the editor, enhancing interactivity and user experience."
File Attachment,Media Handling,"File Attachment is a feature that allows users to attach files to their content within the Froala Editor, enhancing the richness of the content created."
File Manager,Core Concept,"The File Manager is a crucial component of the Froala WYSIWYG HTML editor, enabling users to easily browse, insert, and manage files such as images and documents directly within the editor interface, enhancing productivity and content management."
File Upload,Feature,"File Upload refers to the capability of the Froala Editor to handle file uploads, allowing users to insert files into their content seamlessly. It is crucial for applications requiring document management."
Formatting,Feature,"Formatting in the Froala Editor encompasses the various ways users can style text and content, including font styles, colors, and alignment."
Framework Integration,Integration,"Framework integration in Froala Editor allows seamless incorporation into various development frameworks, enhancing versatility and usability for developers."
Frontend Development,Web Technology,"Frontend Development refers to the practice of building the user interface and user experience of web applications, including the integration of the Froala Editor into web pages."
Fullscreen Mode,Core Concept,"Fullscreen mode expands the editor to occupy the entire screen, providing a distraction-free environment for content creation."
getHTML,Core Concept,"The getHTML function in the Froala WYSIWYG HTML editor allows users to retrieve the current HTML content of the editor. This is essential for saving or processing the content created by users, making it a critical feature for any application utilizing the editor."
HTML,Core Concept,"HTML (HyperText Markup Language) is the standard markup language for creating web pages. It structures web content and is essential for web development, enabling the display of text, images, and other media in browsers."
HTML Content,Core Concept,"HTML Content refers to the structured markup language used for creating web pages. It is essential for defining the layout, structure, and presentation of web content, making it a cornerstone of web development."
HTML Validation,Core Concept,"HTML Validation is the process of checking HTML code for compliance with web standards. It ensures that the markup is correct, which helps improve accessibility, SEO, and overall user experience."
HTMLAllowedTags,Core Concept,"HTMLAllowedTags refers to the specific HTML tags that are permitted within the Froala WYSIWYG HTML editor. This feature is crucial for ensuring that only safe and relevant HTML is used, which helps maintain the integrity and security of the content being edited."
HyperText Markup Language,Core Concept,"HyperText Markup Language (HTML) is the standard markup language for creating web pages. It structures content on the web and is essential for web development, enabling the display of text, images, and other media in browsers."
Iframe Mode,Core Concept,"Iframe Mode allows the WYSIWYG HTML editor's content to be isolated from the rest of the page, preventing any style or script conflicts. This is crucial for maintaining a clean and consistent editing environment."
Ignition DiscountFroala Editor,Core Concept,"Ignition DiscountFroala Editor is a powerful WYSIWYG HTML text editor that enhances content creation through its rich features, including real-time collaboration, advanced formatting, and seamless integration with various applications, making it essential for developers and users alike."
Image Management,Feature,"Image Management refers to the capabilities within the Froala Editor that allow users to upload, organize, and manipulate images effectively within their content."
Image Manager,Feature,"The Image Manager is a plugin that enables users to manage and organize images within the Froala Editor, allowing for easy browsing and deletion of images stored on the server."
Image Upload,Feature,"Image Upload is a feature that allows users to upload images directly into the Froala Editor, enhancing content creation with visual elements. This is essential for rich media applications."
image.beforeUpload,Core Concept,"The image.beforeUpload event is triggered before an image is uploaded in the Froala WYSIWYG Editor. It allows developers to implement custom logic, such as validation or modification of the image before the upload process begins, enhancing control over image handling."
image.error,Core Concept,The 'image.error' refers to the handling of errors related to image processing within the Froala WYSIWYG HTML editor. It is crucial for maintaining a smooth user experience by providing feedback when image uploads fail or when images cannot be displayed.
image.inserted,Core Concept,"The 'image.inserted' event in the Froala WYSIWYG HTML editor signifies that an image has been successfully added to the content. This event is crucial for triggering any follow-up actions, such as updating the user interface or saving changes, ensuring a seamless editing experience."
image.uploaded,Core Concept,"The 'image.uploaded' feature in Froala's WYSIWYG HTML editor allows users to seamlessly upload and manage images within their content. This capability enhances the editing experience by enabling rich media integration, which is crucial for creating visually appealing documents."
Initialization,Architecture,"Initialization refers to the process of setting up the WYSIWYG editor, configuring its settings, and preparing it for use."
initialized,Core Concept,"Initialization refers to the process of setting up the WYSIWYG HTML editor on a specific HTML element, allowing it to become interactive and functional. This is crucial for enabling rich text editing capabilities in web applications."
initOnClick,Core Concept,"initOnClick is a feature that enhances page performance by initializing the WYSIWYG editor only when the user clicks in the editable area. This approach is particularly beneficial for pages with multiple rich text editors, as it reduces initial load time and resource usage."
Inline Mode,Key Editing Concept,"Inline mode in Froala Editor allows users to edit content directly within the page, providing a seamless and intuitive editing experience."
Inline Styles,Core Concept,"Inline Styles allow users to apply custom styles directly to selected text, images, or links within the WYSIWYG HTML editor. This feature enhances the flexibility and visual appeal of content creation, enabling precise control over the appearance of elements."
Input Filtering,Security,"Input Filtering involves restricting the types of data that can be entered into the editor, enhancing security by preventing malicious content."
Instance Object,Core Concept,An Instance Object in the context of the Froala WYSIWYG HTML editor refers to a specific instance of the editor that allows for rich text editing capabilities within applications. It is essential for enabling users to create and manipulate content dynamically.
JavaScript,Core Concept,"JavaScript is a versatile programming language that enables interactive web pages and is an essential part of web applications. It allows developers to create dynamic content, control multimedia, and animate images, making it a critical tool for modern web development."
Keyboard Navigation,Accessibility,"Keyboard navigation refers to the ability to navigate and operate the Froala Editor using keyboard shortcuts, enhancing accessibility for all users."
Learning Management System (LMS),Integration,"An LMS is a software application for the administration, documentation, tracking, reporting, and delivery of educational courses or training programs."
Lifecycle,Architecture,"The lifecycle of the Froala Editor encompasses the various stages from initialization to destruction, managing the editor's state and resources throughout its use."
Lists,Feature,"The lists feature enables users to create ordered and unordered lists, enhancing content organization and readability."
Markdown,Content Format,"Markdown is a lightweight markup language that allows users to format text using simple syntax, making it easy to create rich content without complex HTML."
Media Handling,Feature,"Media handling in Froala Editor allows users to embed and manage various media types, enhancing the richness of the content they create."
Media Management,Feature,"Media management encompasses the tools and functionalities for handling various media types, including images, videos, and audio files within the editor."
Modals,Core Concept,"Modals are interactive dialog boxes that overlay on the main content, allowing users to perform actions or view information without navigating away from the current page. They enhance user experience by providing focused interaction."
Perpetual License,Core Concept,"A Perpetual License allows users to use software indefinitely after a one-time purchase. This model is significant as it provides long-term access without recurring fees, appealing to businesses seeking cost-effective solutions."
Plugin Architecture,Core Concept,"Plugin Architecture in Froala WYSIWYG Editor allows developers to extend the editor's functionality by integrating third-party libraries and custom plugins, enhancing the editing experience and enabling tailored solutions for various applications."
Plugins System,Architecture,"The Plugins System in Froala Editor allows for the extension of core functionalities through additional plugins, enabling developers to customize the editor to meet specific needs."
pluginsDisabled,Core Concept,"The 'pluginsDisabled' option in the Froala WYSIWYG Editor allows developers to disable specific plugins, providing greater control over the editor's functionality and ensuring a streamlined user experience. This is essential for customizing the editor to meet specific project requirements."
pluginsEnabled,Core Concept,"The 'pluginsEnabled' setting in the Froala WYSIWYG HTML editor allows developers to activate specific plugins that enhance the editor's functionality. This modular approach enables customization, ensuring that only necessary features are included, which can improve performance and user experience."
Popups,Core Concept,"Popups in the Froala WYSIWYG Editor enhance the user experience by providing intuitive interfaces for editing and interacting with content. They are designed to be modern and highly customizable, making editing seamless and efficient."
Preview Mode,Key Editing Concept,"Preview mode allows users to see how their content will appear once published, providing a way to verify formatting and layout."
Quick Insert,UI Component,"The Quick Insert feature in Froala Editor allows users to easily add frequently used elements, enhancing productivity and streamlining the editing process."
Real-time Collaboration,Feature,"Real-time Collaboration allows multiple users to edit content simultaneously, providing a dynamic and interactive editing experience."
Rich Text Editing,Core Concept,"Rich text editing allows users to format text with various styles and elements visually, without needing to write HTML code directly. This enhances user experience and content creation."
Rich Text Editor,Core Concept,"A Rich Text Editor is a powerful tool that allows users to create and format content visually, without needing to write HTML code. It enhances productivity and user experience by providing intuitive editing capabilities."
S3 Uploads,Core Concept,"S3 Uploads refer to the process of uploading files to Amazon S3 (Simple Storage Service), a scalable storage solution that allows for secure and reliable data storage. This capability is crucial for applications requiring efficient data management and accessibility."
SaaS,Core Concept,"Software as a Service (SaaS) is a cloud-based service where instead of downloading software on your desktop PC or business network, you instead access an application via an internet browser. This model allows for easier updates, scalability, and accessibility from any device with internet connectivity."
Screen Reader Support,Accessibility,"Screen reader support ensures that the Froala Editor is usable by individuals with visual impairments, providing auditory feedback for content editing."
Section 508,Core Concept,Section 508 is a part of the Rehabilitation Act that requires federal agencies to make their electronic and information technology accessible to people with disabilities. Compliance ensures equal access to information and technology for all users.
Security Concepts,Security,"Security concepts encompass the measures taken to protect the Froala Editor from vulnerabilities, such as XSS attacks and ensuring content sanitization."
Selection Methods,Method Category,"Selection methods provide API functions that enable developers to manage text selection within the Froala Editor, enhancing user interaction capabilities."
SEO Friendly,Core Concept,"SEO-friendly features ensure that content created with the Froala Editor is optimized for search engines, enhancing visibility and ranking."
Source Code,Key Editing Concept,"Source code refers to the underlying HTML generated by the Froala Editor, allowing users to view and edit the raw markup of their content."
Standard Mode,Core Concept,"Standard Mode in the Froala WYSIWYG Editor provides a full-featured editing experience that combines ease of use with powerful capabilities, making it ideal for users who require comprehensive text editing tools."
Table Plugin,Core Concept,"The Table Plugin in the Froala WYSIWYG HTML Editor allows users to create and manage tables easily, providing essential features for organizing data effectively within the editor. This functionality enhances content structure and presentation."
Tables,Feature,"The tables feature in Froala Editor allows users to create and manage tables easily, enhancing the organization and presentation of data within content."
Toolbar,UI Component,"The Toolbar is a critical UI component of the Froala Editor that provides users with access to various editing tools and features, enhancing the editing experience."
Track Changes,Core Concept,"Track Changes allows users to monitor modifications made to text, images, and tables within the editor, highlighting additions and deletions. This feature is crucial for collaborative editing, ensuring clarity and accountability in document revisions."
Undo/Redo,Content Operations,"Undo/Redo functionality allows users to revert or reapply changes made in the Froala Editor, enhancing the editing experience by providing control over content modifications."
Video Embed,Media Handling,"Video Embed allows users to insert video content from various platforms directly into the editor, enhancing the multimedia experience of the content."
WCAG 2.0,Core Concept,"WCAG 2.0 refers to the Web Content Accessibility Guidelines, which provide a framework for making web content more accessible to people with disabilities. Adhering to these guidelines ensures that digital content is usable by everyone, regardless of their abilities."
WYSIWYG Editor,Core Concept,"A WYSIWYG (What You See Is What You Get) editor allows users to create and edit content in a format that closely resembles the final output, making it intuitive for non-technical users."
XSS Protection,Security,"XSS Protection refers to the measures implemented in the Froala Editor to prevent cross-site scripting attacks, ensuring the security of user-generated content."
